category,title,href,push_count,author,price,date
販售,北 iPhone 8 Plus 256GB 金色 8+ iphone8plus 8p,/bbs/MacShop/M.1568058089.A.D7A.html,,DDinin,21000,2019-09-10 03:41:27
販售,桃園 新竹 iPhone8 64G 太空灰 9成新,/bbs/MacShop/M.1568043649.A.459.html,,akr3998,10500,2019-09-09 23:40:47
販售,宜蘭 IPHONE8 PLUS 64G 太空灰 13500,/bbs/MacShop/M.1567916989.A.494.html,,dickylu,13500,2019-09-08 12:29:47
販售,全國台中 iPhone8 256G 銀色,/bbs/MacShop/M.1567891660.A.750.html,,yokota3,15500,2019-09-08 05:27:38
販售,全國台中 iPhone8 256G Plus 金色,/bbs/MacShop/M.1567847205.A.250.html,,yokota3,25300,2019-09-07 17:06:43
販售,桃園 全新 iPhone8 64G 金,/bbs/MacShop/M.1567846408.A.D82.html,,wychenx,,2019-09-07 16:53:26
販售,桃園 Iphone8 64G 黑 9成新 11000,/bbs/MacShop/M.1567846372.A.E13.html,,akr3998,11000,2019-09-07 16:52:50
交換,iPhone8 256保內+已在101換新機換XR,/bbs/MacShop/M.1567833964.A.55D.html,,AJ69862002,none,2019-09-07 13:26:02
販售,全國 全新 IPhone8 64G 256G PLUS,/bbs/MacShop/M.1567775296.A.600.html,,sedately,22500,2019-09-06 21:08:14
收購,高雄iphone8銀色,/bbs/MacShop/M.1567768215.A.26B.html,,freeprison,none,2019-09-06 19:10:13
收購,iphone8 plus 64 奶茶金 灰,/bbs/MacShop/M.1567765346.A.BE8.html,,gdm0037,none,2019-09-06 18:22:24
販售,高雄 iphone8 256G 金色,/bbs/MacShop/M.1567750227.A.639.html,,z48415337,14500,2019-09-06 14:10:25
販售,全國台中 iPhone8 256G 銀色,/bbs/MacShop/M.1567749775.A.D83.html,,yokota3,15500,2019-09-06 14:02:53
販售,高雄 iphone8 plus 256G 金色,/bbs/MacShop/M.1567686926.A.1C7.html,,z48415337,17000,2019-09-05 20:35:24
販售,桃園 Iphone8 64G 金色&太空灰(降價重PO),/bbs/MacShop/M.1567650086.A.226.html,,a111128,11200,2019-09-05 10:21:24
販售,台北 iPhone8+ Plus 64G 太空灰 二手,/bbs/MacShop/M.1567610175.A.972.html,,vovo747,14000,2019-09-04 23:16:13
販售,台中 iPhone8 64g 黑 保固內,/bbs/MacShop/M.1567607569.A.3AB.html,,projecta,13000,2019-09-04 22:32:47
販售,台北 iPhone8 64G 太空灰 黑,/bbs/MacShop/M.1567594236.A.3FF.html,,Geniusla,11500,2019-09-04 18:50:34
販售,全國台中 iPhone8 256G 銀色,/bbs/MacShop/M.1567581481.A.50B.html,,yokota3,15500,2019-09-04 15:17:59
販售,雲林 iphone8 plus 64g 銀色,/bbs/MacShop/M.1567552928.A.028.html,,candyliao,15000,2019-09-04 07:22:04
